genotype,M001,M002,M003,M004,M005,M006,M007,M008,M009,M010,M011,M012,M013,M014,M015,M016,M017,M018,M019,M020,M021,M022,M023,M024,M025,M026,M027,M028,M029,M030,M031,M032,M033,M034,M035,M036,M037,M038,M039,M040,M041,M042,M043,M044,M045,M046,M047,M048,M049,M050,M051,M052,M053,M054,M055,M056,M057,M058,M059,M060,M061,M062,M063,M064,M065,M066,M067,M068,M069,M070,M071,M072
AIBREED_G001,1,1,1,1,2,1,1,1,2,0,0,0,1,1,1,2,1,2,1,1,0,1,1,0,0,1,0,1,1,1,2,0,0,2,1,2,0,2,1,0,1,2,2,0,2,0,0,1,2,2,1,1,0,0,0,0,1,1,1,2,0,2,1,1,2,1,2,0,2,0,2,1
AIBREED_G002,1,1,1,0,1,2,2,1,1,1,1,2,1,1,1,0,0,2,2,1,1,2,0,2,2,2,2,2,2,2,1,0,1,0,1,1,1,2,1,0,2,1,0,0,2,0,2,0,1,2,1,1,0,0,0,0,1,0,1,2,1,2,0,2,1,1,0,1,1,1,0,0
AIBREED_G003,1,2,2,1,2,0,1,0,0,1,0,2,0,0,1,2,1,1,1,1,0,2,2,1,1,1,2,1,2,1,2,0,1,0,0,2,0,2,0,0,2,1,1,1,1,1,1,0,2,2,2,2,0,0,0,0,2,1,1,1,0,1,0,1,2,2,0,1,2,1,0,0
AIBREED_G004,0,1,1,1,0,0,2,1,2,0,0,2,2,2,0,1,0,1,2,1,1,0,0,1,1,1,1,1,1,2,2,1,1,1,0,1,0,1,2,1,1,1,0,0,1,1,1,1,2,2,1,2,0,1,1,2,0,0,1,2,0,0,1,1,1,1,2,2,2,0,0,1
AIBREED_G005,0,2,0,0,1,0,0,0,0,2,0,1,1,1,1,0,1,1,2,1,0,2,0,0,1,1,2,2,1,1,1,0,1,1,1,2,0,1,0,0,1,1,1,0,0,1,2,2,0,2,2,2,0,0,1,0,0,0,1,1,0,2,1,2,2,1,0,1,2,0,1,0
AIBREED_G006,1,2,0,1,1,2,2,1,0,0,0,1,1,2,1,0,1,0,1,1,0,2,1,1,1,0,1,1,2,1,1,1,0,1,1,1,0,2,1,0,1,1,2,1,0,1,0,0,2,1,1,2,0,0,1,1,1,0,2,2,1,2,1,1,1,2,2,1,1,0,1,1
AIBREED_G007,0,2,1,0,2,1,1,1,0,2,1,2,1,2,0,1,1,1,1,2,1,1,1,0,1,2,1,1,2,1,2,0,1,0,2,2,1,2,0,0,2,0,0,1,2,1,1,1,2,2,1,2,0,0,2,0,1,0,1,0,0,1,0,1,1,0,0,2,0,1,0,2
AIBREED_G008,1,1,2,1,2,0,1,2,1,2,2,0,0,1,1,2,2,0,0,1,0,1,1,0,1,1,1,1,1,2,1,0,0,0,1,0,1,1,1,0,1,1,1,0,0,0,1,0,2,2,1,0,0,0,0,0,0,0,0,2,0,2,1,1,0,1,1,1,0,1,0,0
AIBREED_G009,1,2,0,2,0,0,1,0,1,2,1,2,0,0,1,2,0,2,1,1,1,2,0,0,1,2,1,1,1,2,2,0,0,1,1,2,1,1,0,2,1,1,0,0,2,0,1,1,1,1,2,2,0,0,0,1,1,0,0,1,0,2,1,1,1,1,2,2,1,1,1,2
AIBREED_G010,0,1,1,0,1,2,2,0,0,1,1,1,2,1,0,1,1,2,1,0,1,1,0,1,1,0,1,2,2,1,2,0,1,2,1,0,0,1,1,0,0,2,1,0,1,1,2,1,2,2,0,2,0,0,0,1,1,0,0,1,0,1,2,0,1,0,0,1,1,0,1,0
AIBREED_G011,1,1,0,0,1,0,2,2,0,0,1,2,1,0,0,2,2,1,0,1,0,2,1,2,1,0,1,2,2,1,2,0,2,0,1,0,1,1,0,0,1,2,1,0,0,1,1,1,1,2,2,1,1,0,2,0,0,2,1,2,1,2,0,0,1,0,2,0,2,1,2,0
AIBREED_G012,1,2,0,0,1,2,1,1,0,0,0,1,0,0,0,2,1,1,2,0,0,2,0,1,0,1,1,2,1,2,2,1,2,0,1,1,0,1,1,2,1,1,1,1,1,1,0,0,2,2,2,1,1,1,1,1,0,0,0,1,0,2,1,0,0,0,1,0,2,0,0,1
AIBREED_G013,0,2,0,0,1,1,0,1,0,0,1,2,2,0,0,2,2,2,1,1,0,0,1,1,1,2,0,0,2,1,0,0,2,0,0,2,0,2,1,0,1,1,1,1,1,2,1,1,2,1,1,1,0,1,0,0,0,0,2,1,1,2,0,1,1,1,1,2,1,0,0,0
AIBREED_G014,1,0,0,0,2,1,1,0,0,1,0,1,1,1,0,2,2,2,0,2,0,1,1,1,2,1,1,2,1,1,1,1,0,1,2,1,0,0,1,1,1,1,2,0,0,1,1,0,1,2,1,2,0,0,2,0,0,1,2,2,1,0,1,0,1,1,1,2,0,0,0,2
AIBREED_G015,0,2,1,0,2,1,2,1,0,2,1,2,1,1,0,1,0,1,0,1,0,2,1,0,1,2,2,0,2,1,1,1,0,2,1,1,0,2,0,1,1,1,0,1,1,1,2,0,0,2,2,0,1,0,2,0,0,0,2,1,1,2,2,2,2,0,2,1,1,1,2,0
AIBREED_G016,1,1,0,0,1,1,2,1,1,0,1,2,0,0,0,1,0,1,1,1,0,2,1,2,2,2,2,0,1,1,1,0,1,2,1,1,0,1,2,0,0,2,1,1,2,0,1,1,2,2,1,2,0,2,0,0,1,0,2,2,0,2,0,0,0,1,2,1,1,1,1,1
AIBREED_G017,1,2,1,0,2,1,2,1,1,1,2,1,1,0,2,1,1,1,1,2,0,1,0,0,2,1,1,1,2,2,2,0,2,0,0,1,2,2,1,0,0,2,1,0,1,0,1,1,2,2,1,2,0,1,1,1,0,1,2,1,1,1,0,1,2,1,2,1,2,1,0,0
AIBREED_G018,0,2,2,1,2,1,1,0,1,0,0,2,0,1,1,2,1,1,2,1,0,1,0,0,1,0,2,1,2,1,1,0,1,1,0,2,0,1,1,0,1,1,2,1,1,0,2,1,0,2,1,1,0,0,0,1,1,1,1,2,1,2,1,0,2,1,1,2,0,1,1,0
AIBREED_G019,2,2,0,1,2,0,1,2,1,1,1,1,0,0,1,2,1,1,2,0,0,2,2,1,0,1,2,1,2,1,1,0,2,0,2,1,0,2,1,0,1,1,1,1,2,0,0,2,1,2,1,2,0,0,2,1,1,1,1,2,1,2,1,0,1,1,2,1,2,0,1,2
AIBREED_G020,1,1,0,1,1,1,2,2,0,1,0,2,0,0,1,2,2,1,1,1,0,1,1,0,1,0,1,2,2,1,2,1,2,0,1,1,0,1,1,0,2,1,1,1,0,1,1,0,2,1,1,0,0,2,1,0,1,0,1,1,0,2,0,2,1,0,1,1,0,0,2,0
AIBREED_G021,1,2,1,2,2,1,1,0,1,0,0,1,1,1,0,2,2,1,1,1,0,1,2,0,1,2,2,2,1,1,2,0,1,1,2,1,1,0,0,0,1,1,1,0,2,0,1,1,1,1,1,2,0,1,1,0,0,0,2,1,2,2,1,1,0,2,2,2,1,0,0,2
AIBREED_G022,0,1,2,0,2,2,1,0,0,1,1,2,1,1,0,1,1,2,1,1,1,2,1,0,1,1,2,1,2,0,1,0,1,0,1,2,0,1,0,0,2,2,0,0,1,0,1,1,1,2,2,2,0,1,1,1,0,2,0,2,0,2,0,1,1,0,1,1,2,1,1,1
AIBREED_G023,1,2,1,0,2,0,2,2,0,1,1,2,2,0,0,2,1,0,0,0,0,1,1,0,1,1,2,2,1,2,1,0,0,1,1,2,1,2,1,0,2,2,1,1,1,0,1,1,2,2,1,2,1,1,1,0,0,0,0,1,0,2,2,0,0,1,1,1,0,1,2,1
AIBREED_G024,1,2,1,0,1,0,2,1,1,0,1,0,0,0,1,1,0,1,1,0,1,0,0,1,0,1,1,1,2,0,1,0,0,1,1,2,0,2,0,2,2,1,0,0,1,0,0,1,1,2,1,1,0,0,1,1,0,0,2,2,0,2,1,1,1,1,1,0,0,0,1,1
AIBREED_G025,0,0,1,0,2,1,2,2,1,1,1,2,0,1,1,1,0,1,0,2,0,1,1,0,0,2,2,2,1,0,2,1,2,1,0,2,0,1,1,1,1,2,1,1,1,0,1,2,1,1,2,1,0,0,2,1,1,1,1,1,1,2,0,1,1,1,1,2,0,1,1,0
AIBREED_G026,0,1,1,1,1,2,1,1,1,1,0,1,1,1,0,1,0,2,2,1,0,1,2,0,2,1,1,2,2,2,2,1,1,1,0,1,0,2,1,1,1,2,0,0,1,1,2,0,1,2,1,2,0,0,1,1,1,0,2,1,0,0,1,1,2,1,2,2,2,0,0,1
AIBREED_G027,0,2,0,0,1,0,2,1,1,1,0,1,1,0,1,0,2,2,1,1,0,2,0,0,0,2,1,1,0,1,2,1,1,1,1,0,0,0,1,1,1,2,2,1,1,0,2,1,2,0,1,0,0,0,1,1,1,0,0,2,0,0,0,2,0,2,1,2,0,1,1,1
AIBREED_G028,0,2,1,2,2,1,1,0,2,0,2,1,0,0,0,2,1,1,1,0,1,1,1,0,0,2,1,2,1,1,1,1,1,1,1,2,0,2,2,0,1,0,1,0,1,0,1,1,0,1,1,1,0,1,0,1,0,0,2,2,0,2,1,2,1,1,0,0,2,1,0,2
AIBREED_G029,0,1,1,0,2,1,1,0,1,0,0,1,1,0,0,2,2,2,2,0,0,0,0,0,0,2,2,1,1,2,2,1,0,0,1,1,0,2,0,0,0,1,1,1,1,0,2,0,2,1,2,2,0,0,2,0,1,1,0,0,1,2,0,1,2,0,0,2,2,2,0,0
AIBREED_G030,0,1,0,0,2,1,1,1,0,0,0,1,1,2,1,2,1,1,0,1,0,1,1,0,2,2,2,2,2,1,1,0,0,2,1,0,0,1,0,2,0,1,0,1,1,0,2,1,1,2,1,2,2,0,0,1,1,1,1,1,0,0,0,2,1,1,2,2,1,0,0,0
AIBREED_G031,1,2,1,0,1,2,1,0,1,0,0,1,0,0,0,2,0,0,2,1,0,1,1,0,1,2,0,2,0,1,1,2,0,0,0,2,0,2,0,0,2,2,1,0,0,1,2,0,0,2,2,1,0,0,2,0,1,0,0,1,0,2,0,0,1,1,1,2,1,1,1,1
AIBREED_G032,0,1,1,0,2,1,0,2,1,0,0,1,0,0,1,1,0,1,0,1,0,0,2,0,1,0,1,1,1,2,1,0,0,1,1,1,0,2,1,0,1,1,1,0,2,0,1,1,1,1,1,2,0,0,1,1,0,0,1,2,2,1,0,1,1,0,1,2,1,1,1,1
AIBREED_G033,1,0,1,1,2,0,0,0,1,0,1,0,0,1,0,2,1,2,1,1,0,1,1,0,1,0,0,2,1,2,2,0,1,0,2,1,0,1,0,0,1,1,2,1,1,1,2,1,1,1,1,2,0,0,2,0,0,0,1,1,0,1,1,1,1,1,1,0,0,0,0,0
AIBREED_G034,0,1,1,1,1,0,0,1,0,0,0,1,1,1,2,2,1,0,0,2,0,1,1,0,0,2,2,1,1,1,1,0,1,1,1,1,0,2,1,0,0,2,0,0,0,1,2,1,0,2,2,2,0,0,1,0,1,0,1,1,0,1,0,1,1,1,2,2,2,0,1,0
AIBREED_G035,0,0,0,1,1,1,1,2,1,1,0,1,1,0,1,1,1,2,2,1,0,0,1,0,0,1,1,2,2,2,1,1,0,1,0,1,0,1,0,1,1,1,2,0,0,1,1,1,1,1,2,1,1,0,2,0,1,0,1,0,0,1,0,1,2,0,2,1,1,2,0,1
AIBREED_G036,0,0,0,0,2,1,1,1,0,2,1,1,1,0,2,1,1,1,1,1,0,1,1,0,1,0,1,1,2,2,2,0,0,1,1,1,1,2,0,0,2,1,1,1,2,0,1,2,2,0,1,0,0,1,2,1,1,0,2,0,1,2,1,0,1,1,1,1,0,1,0,1
AIBREED_G037,0,2,0,0,1,1,1,1,1,0,1,1,0,1,1,1,2,1,0,2,0,1,1,0,1,0,2,1,0,0,0,0,1,0,1,2,0,2,0,1,2,0,0,0,0,1,1,0,1,1,1,2,0,0,1,0,0,1,2,1,0,1,0,1,0,1,1,1,0,0,1,0
AIBREED_G038,0,1,1,1,2,1,1,1,0,1,2,2,1,1,2,1,1,1,1,0,0,1,1,0,1,2,2,1,1,2,2,2,1,0,1,2,0,1,2,1,0,1,0,0,1,0,2,1,1,2,1,2,0,2,1,0,1,1,1,2,1,2,0,1,2,1,1,0,1,0,0,1
AIBREED_G039,1,0,1,1,1,1,1,1,0,0,1,0,1,0,1,2,1,1,2,1,0,1,0,1,1,1,1,1,2,2,2,0,1,0,1,1,1,1,0,0,2,1,1,1,0,0,1,1,2,2,1,2,0,0,1,0,1,0,0,0,0,2,0,0,1,1,0,2,1,0,2,1
AIBREED_G040,1,2,1,0,1,1,1,1,1,0,1,2,2,1,1,2,2,2,1,0,0,0,2,0,1,2,1,2,2,1,2,1,0,2,1,1,0,2,1,1,0,2,2,1,1,0,1,1,1,2,1,2,1,1,0,0,1,0,0,1,0,0,1,2,1,1,2,1,0,1,1,1
AIBREED_G041,0,1,1,0,0,1,2,1,1,1,1,2,2,2,1,1,2,1,2,2,0,2,0,1,0,0,1,0,2,1,2,0,0,1,1,2,0,1,0,0,1,1,0,1,0,0,2,1,2,0,2,1,0,1,1,0,1,0,1,0,0,1,0,2,1,2,1,0,0,1,1,0
AIBREED_G042,1,2,1,0,2,0,1,1,0,0,0,1,1,0,1,2,1,2,2,0,0,2,1,1,0,2,1,1,2,2,1,0,0,1,0,2,0,2,0,0,1,1,0,1,1,0,2,1,2,2,1,2,1,0,2,1,1,0,0,0,0,2,0,1,2,1,0,1,1,1,1,0
AIBREED_G043,1,0,0,1,2,0,2,2,1,0,0,1,1,0,1,1,0,0,1,2,0,1,0,2,1,1,1,2,1,2,2,0,0,0,1,2,0,1,0,1,2,1,2,0,1,0,2,2,0,2,2,2,1,1,1,1,0,1,1,1,1,2,1,0,1,1,0,1,1,0,0,0
AIBREED_G044,1,1,1,0,1,0,1,1,0,0,1,0,0,2,1,2,2,1,0,1,0,1,1,0,1,0,0,1,1,1,2,0,0,1,1,1,1,2,1,0,2,2,2,2,0,0,1,1,1,1,1,1,1,1,2,0,0,1,0,1,0,1,1,1,1,1,1,2,1,0,0,1
AIBREED_G045,0,1,1,0,1,1,1,1,0,1,1,1,0,1,1,1,1,1,2,0,2,1,1,0,0,0,0,1,1,2,1,2,2,0,1,2,0,1,1,1,1,0,2,1,1,0,1,1,1,0,1,2,0,1,1,1,1,1,0,0,0,2,1,1,1,0,1,2,2,1,1,0
AIBREED_G046,1,1,0,1,1,0,2,0,0,0,0,0,0,1,0,2,2,2,1,1,0,2,1,0,2,1,1,1,1,2,1,0,1,1,0,0,0,1,0,0,1,0,1,1,1,0,1,1,1,2,2,1,0,0,2,1,2,0,1,1,0,2,0,0,1,1,2,2,0,0,0,0
AIBREED_G047,0,1,0,1,0,2,2,0,1,0,1,2,0,0,0,1,1,1,0,0,1,1,0,0,0,0,0,2,0,1,2,0,0,0,0,1,1,2,1,0,1,2,0,0,1,0,2,2,1,1,0,1,0,0,2,0,1,2,2,1,0,2,1,1,2,1,0,2,0,1,0,1
AIBREED_G048,0,2,1,0,1,1,0,1,1,0,0,1,2,1,1,2,0,1,1,1,0,1,2,1,1,1,1,1,2,2,2,0,2,1,0,1,0,2,1,1,0,1,2,1,1,0,1,0,2,2,1,1,0,1,1,0,2,0,0,2,0,2,0,1,2,0,0,1,1,1,0,0
AIBREED_G049,0,1,1,0,1,1,1,1,0,0,1,1,1,1,0,2,1,1,1,0,0,1,1,0,1,1,2,2,2,2,1,1,1,1,1,0,1,2,1,0,2,1,0,1,1,1,2,0,2,0,2,1,0,0,2,0,1,0,1,2,1,1,2,1,0,1,1,0,0,0,1,0
AIBREED_G050,1,1,0,0,1,0,2,2,0,1,1,2,0,0,0,2,1,0,1,0,0,2,1,0,0,1,1,2,2,2,1,1,0,0,0,0,1,1,0,0,2,1,0,0,0,0,1,0,1,1,1,1,1,0,1,0,0,0,1,0,0,2,0,1,1,1,1,2,1,0,0,2
AIBREED_G051,0,2,1,0,2,0,1,1,1,0,1,0,0,0,1,2,1,1,1,1,1,2,2,0,0,2,1,2,2,2,2,0,2,0,0,1,0,2,1,0,0,2,1,1,1,1,1,0,2,2,2,2,1,1,1,0,2,0,1,2,0,2,1,2,2,1,2,2,0,0,0,0
AIBREED_G052,2,2,0,0,2,1,1,2,0,0,2,2,1,1,0,1,1,0,1,0,0,1,0,0,1,1,0,2,1,2,1,1,1,1,1,1,0,1,0,0,1,1,0,2,1,0,1,1,2,1,2,1,0,1,1,0,1,0,1,0,0,2,0,0,1,0,0,1,1,0,0,1
AIBREED_G053,0,1,0,0,2,2,0,1,1,0,0,1,0,0,0,1,2,1,2,1,0,0,0,0,1,1,1,1,1,1,1,1,0,0,0,0,0,2,1,0,0,2,1,1,1,0,1,2,2,2,1,2,1,0,2,2,0,0,0,2,0,2,0,1,0,1,1,2,2,0,1,1
AIBREED_G054,0,2,0,1,0,1,0,2,1,1,1,2,1,1,1,2,2,1,1,2,0,1,0,1,0,2,2,1,2,2,2,0,1,1,1,1,2,0,1,0,2,1,2,1,2,0,1,0,2,2,1,2,0,1,1,1,1,0,0,2,1,1,0,0,1,1,1,1,2,1,0,0
AIBREED_G055,0,1,2,1,1,1,2,1,1,1,1,2,0,0,0,2,1,0,0,1,0,1,0,0,1,2,0,1,1,2,2,0,0,0,1,0,0,2,0,1,1,1,1,1,0,0,0,0,1,1,1,1,1,1,1,2,0,0,1,0,1,2,0,2,0,1,1,0,1,0,0,0
AIBREED_G056,1,1,2,0,1,1,2,1,1,1,0,2,0,1,0,1,0,0,1,0,1,2,0,0,1,1,1,2,2,2,2,0,1,1,1,1,0,2,1,0,2,1,1,2,0,0,2,1,2,1,2,1,2,0,2,1,2,0,1,1,1,2,0,0,1,2,0,1,0,1,1,0
AIBREED_G057,0,2,0,0,2,2,2,1,1,0,2,1,2,1,2,1,1,1,2,0,0,2,0,1,0,0,1,2,1,1,1,0,0,0,0,1,0,1,0,0,1,1,1,0,1,0,1,0,1,2,2,0,0,0,0,1,1,0,1,1,0,0,1,0,1,1,1,1,2,1,0,0
AIBREED_G058,0,2,0,0,2,0,1,2,0,1,0,2,2,0,1,1,1,1,0,2,2,0,0,0,0,2,1,0,1,2,1,1,0,1,1,1,0,2,0,0,1,0,0,0,2,0,1,1,2,2,1,2,0,0,2,0,0,0,1,1,0,2,0,1,1,1,0,2,2,1,1,1
AIBREED_G059,0,1,1,0,0,2,2,1,0,1,0,0,1,0,1,1,0,0,1,1,1,2,1,0,1,0,1,0,1,1,1,1,1,2,0,0,0,1,1,0,1,2,0,2,1,0,2,1,1,1,1,0,0,0,2,1,1,0,0,1,0,2,0,2,0,0,1,1,0,1,0,0
AIBREED_G060,0,0,0,0,1,1,1,0,1,0,0,0,2,0,0,1,1,1,1,2,0,2,0,0,1,1,2,2,2,2,2,2,1,0,2,1,0,2,2,0,0,2,0,1,2,0,1,1,2,2,0,1,0,0,1,0,0,1,0,2,1,2,0,1,2,1,0,1,0,1,0,1
AIBREED_G061,1,2,0,0,0,0,1,2,1,0,0,2,1,1,1,1,2,0,0,1,0,2,1,0,2,0,2,1,0,1,2,1,0,2,1,2,1,2,0,2,2,2,1,1,1,0,1,1,1,2,2,2,0,0,1,0,2,1,0,1,1,2,0,0,0,2,1,1,1,0,1,1
AIBREED_G062,1,1,1,0,2,1,1,2,0,0,1,2,0,1,2,0,1,1,0,1,0,1,1,0,1,2,1,2,1,2,2,0,0,1,2,0,0,2,1,1,1,1,0,1,0,1,0,0,1,1,1,2,1,1,1,1,0,1,1,1,0,2,2,2,1,1,1,2,1,1,0,0
AIBREED_G063,0,0,0,0,1,1,1,1,1,0,2,1,0,1,0,1,0,2,0,0,0,2,0,0,1,0,0,0,1,1,1,0,1,1,1,1,0,0,1,0,1,1,0,0,2,1,2,1,1,2,2,2,1,1,2,1,0,1,1,1,1,2,0,0,2,2,0,2,0,1,1,1
AIBREED_G064,0,0,0,1,1,0,0,1,2,1,0,1,0,0,0,1,2,1,2,0,1,1,0,0,1,2,1,2,1,2,2,1,1,0,0,2,0,2,1,0,2,2,1,0,1,1,1,1,1,2,2,2,0,1,1,0,1,0,0,2,1,1,2,0,1,1,1,2,0,0,0,1
AIBREED_G065,0,2,1,0,1,1,0,0,0,0,0,1,1,0,2,2,2,1,1,1,0,0,0,1,2,1,1,2,2,2,1,1,0,1,0,0,0,2,0,0,1,1,1,1,0,1,2,1,2,2,1,2,0,0,2,1,1,0,0,0,0,1,1,1,0,1,1,2,1,1,0,0
AIBREED_G066,0,1,0,0,1,0,1,0,0,0,0,1,1,0,0,1,2,2,0,0,2,2,1,1,0,2,2,2,2,2,2,0,1,0,2,1,0,2,0,1,1,2,2,1,1,0,2,0,2,2,0,0,1,0,1,2,1,2,0,0,1,2,0,0,0,1,1,2,1,1,0,1
AIBREED_G067,0,0,1,0,2,1,2,2,2,0,0,1,0,0,0,0,1,0,1,1,1,2,0,0,1,1,1,2,2,1,1,0,0,0,1,1,0,1,1,0,2,1,1,0,0,0,2,1,2,2,1,1,0,0,2,1,0,1,1,1,1,2,1,0,1,0,1,2,2,1,0,1
AIBREED_G068,0,1,1,1,1,1,1,0,1,0,1,2,0,2,0,1,2,1,1,2,1,2,1,0,1,1,0,1,2,2,1,0,1,1,2,0,1,2,0,1,1,1,0,0,2,0,1,0,1,2,2,2,0,0,0,1,1,0,2,1,2,0,0,0,2,1,1,2,1,1,0,0
AIBREED_G069,1,1,0,2,1,0,1,0,1,2,0,1,0,2,0,2,2,0,1,1,1,2,1,0,1,1,2,2,1,1,2,0,0,1,0,2,0,1,0,0,1,1,1,1,0,0,2,2,2,2,1,2,0,1,2,1,2,1,2,0,0,1,1,1,1,2,2,1,0,1,1,1
AIBREED_G070,0,1,1,0,2,0,2,1,0,1,1,2,2,0,0,1,1,2,0,1,1,1,1,0,1,0,0,1,1,2,1,2,1,0,1,1,0,1,1,0,2,2,1,0,2,1,1,1,1,2,2,1,1,1,1,0,1,1,1,2,1,2,0,1,1,0,2,2,2,0,0,0
AIBREED_G071,0,2,1,1,0,1,1,1,1,1,0,1,0,1,1,0,1,2,2,0,0,2,0,0,0,2,2,2,0,1,2,0,1,1,1,2,0,1,0,1,2,2,1,0,2,0,2,2,2,2,1,1,0,1,1,0,2,0,1,1,0,1,1,0,2,2,1,2,1,2,1,1
AIBREED_G072,0,1,0,2,2,0,1,2,1,0,0,1,1,0,0,2,1,2,1,1,0,2,0,0,1,0,2,2,1,2,2,0,2,1,0,2,0,2,0,0,2,0,0,0,0,1,0,2,2,2,0,2,0,1,0,1,0,0,0,1,0,0,1,1,2,1,0,0,2,0,0,1
AIBREED_G073,0,2,2,0,2,1,2,2,0,0,1,0,1,1,1,1,0,1,2,2,0,2,2,1,2,2,1,1,2,1,1,0,1,1,0,1,0,2,1,1,1,0,1,0,1,1,1,2,2,1,2,0,1,1,1,0,0,0,0,1,0,2,1,1,1,2,1,2,2,1,1,0
AIBREED_G074,1,1,1,1,2,2,2,2,0,0,0,1,1,0,0,2,1,2,1,2,1,1,1,0,2,2,2,0,2,2,2,1,1,2,2,2,0,1,2,1,1,2,0,0,0,0,2,1,2,0,0,1,1,1,1,1,1,1,1,1,1,2,1,2,2,1,0,2,1,0,2,0
AIBREED_G075,2,1,2,0,2,1,0,1,1,1,1,1,1,1,1,2,1,0,1,0,0,0,1,0,0,1,2,2,1,1,1,0,0,1,1,1,1,2,1,0,2,2,1,0,1,0,1,2,2,1,1,1,0,0,1,0,1,0,0,2,0,1,0,1,1,1,2,0,1,1,0,0
AIBREED_G076,2,2,0,0,0,0,1,2,0,0,1,2,1,1,1,1,1,2,1,1,1,2,1,0,0,1,1,1,1,2,1,0,0,1,1,0,1,2,1,0,2,1,2,0,0,0,1,0,2,1,1,2,0,1,1,0,2,1,1,0,0,2,1,2,1,2,0,0,0,0,1,0
AIBREED_G077,1,0,1,0,2,0,2,0,1,1,1,2,1,1,1,1,2,1,1,1,1,1,1,0,0,1,1,2,2,2,1,2,0,1,0,1,0,1,1,0,2,2,1,0,1,0,2,1,2,1,0,1,0,1,0,2,1,0,1,2,0,1,1,1,2,1,1,0,1,0,0,0
AIBREED_G078,1,2,1,0,1,2,1,0,1,1,1,1,0,0,0,2,1,0,1,1,0,2,0,0,1,2,1,2,2,1,1,1,1,1,0,2,0,1,0,0,2,1,2,0,1,0,1,1,1,1,1,1,1,1,0,1,1,0,1,1,0,1,0,0,1,0,0,2,0,1,0,1
AIBREED_G079,2,1,1,0,1,0,0,1,1,0,1,2,2,0,0,2,1,0,1,1,1,2,1,0,1,1,1,2,2,2,2,1,1,1,0,1,0,1,1,0,2,2,1,1,1,1,1,1,2,0,1,0,0,1,2,1,1,0,2,0,0,1,1,1,1,0,2,2,0,0,1,1
AIBREED_G080,2,1,1,1,1,1,0,0,1,0,1,2,1,0,0,2,0,2,1,0,0,2,0,1,1,1,1,2,1,0,0,0,1,1,2,1,0,2,0,0,2,1,0,1,1,0,1,0,2,2,2,2,1,0,1,0,0,0,2,2,0,1,1,1,0,1,1,1,2,1,0,1
AIBREED_G081,1,1,0,0,1,0,1,1,1,0,1,2,1,0,0,0,1,2,1,0,0,1,1,0,0,2,2,2,2,2,1,0,1,0,0,1,0,1,1,0,1,1,0,0,1,1,1,2,0,2,1,2,0,1,1,0,1,1,1,1,0,2,2,1,1,0,2,0,1,0,0,0
AIBREED_G082,1,1,0,0,1,2,1,1,1,0,1,1,0,1,0,2,1,1,2,0,1,1,1,0,2,1,0,1,2,1,0,2,2,1,1,1,0,2,0,2,0,1,1,0,2,0,1,1,2,2,1,2,0,1,2,0,0,1,1,2,0,1,0,0,1,0,1,2,0,0,1,0
AIBREED_G083,2,0,0,0,0,0,1,0,0,0,2,0,1,0,1,1,2,0,2,1,1,0,0,0,1,2,2,2,1,0,2,1,0,0,1,2,1,1,1,0,0,0,1,1,1,0,1,0,2,1,2,2,1,0,1,2,0,0,0,2,0,0,1,0,2,0,1,2,0,0,1,1
AIBREED_G084,1,2,1,1,2,0,2,2,1,0,0,1,1,0,0,0,2,0,0,2,0,1,0,0,2,1,0,1,1,2,1,0,0,0,1,0,0,1,1,1,0,2,0,0,2,0,2,1,2,2,2,2,1,0,1,1,0,0,1,2,0,2,1,1,2,1,0,1,1,0,1,1
AIBREED_G085,1,2,0,1,1,1,2,0,0,0,2,2,0,1,0,1,1,1,0,1,0,2,1,0,0,2,1,1,2,0,1,2,0,0,2,1,2,1,1,0,2,2,1,0,0,0,2,1,2,1,2,2,0,1,2,0,0,2,1,1,0,1,1,1,1,1,1,1,1,0,1,1
AIBREED_G086,0,1,0,0,2,2,2,0,1,2,1,1,1,0,0,1,2,2,1,1,0,2,0,1,1,1,1,2,2,1,2,0,1,0,2,0,1,1,1,1,1,0,1,0,2,1,1,2,1,2,1,1,0,0,1,0,0,0,1,1,0,1,0,0,2,2,1,1,1,0,0,1
AIBREED_G087,0,1,0,1,2,2,2,1,0,0,0,1,1,1,0,0,1,2,1,1,0,1,1,0,2,1,1,0,1,2,2,0,0,0,1,2,0,1,0,0,1,0,1,1,1,0,2,2,2,0,1,2,0,1,0,1,2,0,0,2,1,1,0,1,1,0,1,1,2,0,2,0
AIBREED_G088,1,1,1,1,2,2,2,1,1,1,0,1,1,1,1,2,1,0,1,1,0,1,1,2,0,1,1,1,0,1,1,2,1,0,1,0,0,2,0,1,1,0,0,1,0,0,2,1,1,2,2,2,0,1,2,0,1,0,2,2,0,2,1,1,1,1,1,2,0,1,0,0
AIBREED_G089,0,1,1,1,2,2,2,2,2,0,2,1,2,0,2,2,0,1,2,1,1,2,1,0,2,0,2,2,2,2,1,0,0,1,1,2,0,0,2,1,1,1,2,0,1,1,0,1,1,1,1,1,0,0,1,1,0,1,1,1,1,0,0,1,1,1,1,1,1,0,0,0
AIBREED_G090,0,0,0,0,1,1,2,2,0,1,1,2,1,1,0,2,1,2,0,0,0,0,0,0,0,1,2,1,1,1,2,1,1,0,0,2,0,1,1,0,2,1,1,1,0,1,0,1,0,1,0,1,0,1,1,0,1,0,2,1,0,2,0,0,2,1,1,0,1,0,0,2
AIBREED_G091,0,0,2,1,2,0,2,0,1,1,1,2,1,0,1,2,0,1,1,0,0,1,0,0,1,1,1,2,1,2,1,0,1,0,0,0,1,2,0,0,1,1,0,2,0,1,1,0,1,2,1,2,0,0,1,0,1,1,1,1,1,2,0,0,2,1,1,2,1,2,1,1
AIBREED_G092,1,2,0,0,2,1,2,0,2,1,0,1,0,1,1,0,2,1,2,0,0,0,2,0,0,1,0,1,1,1,1,1,0,1,1,1,0,2,0,0,1,1,1,0,0,0,1,0,1,1,2,2,1,1,2,0,1,1,1,1,1,2,1,1,0,0,2,2,0,0,2,0
AIBREED_G093,0,1,1,2,2,1,1,1,0,0,0,0,0,2,0,2,1,1,2,1,1,2,1,1,1,1,0,0,1,0,1,1,0,1,1,2,0,2,1,0,1,1,1,0,2,0,2,1,2,0,0,1,0,1,1,2,2,0,1,1,0,1,0,2,2,1,0,1,1,1,1,1
AIBREED_G094,0,2,0,0,2,1,2,1,1,1,1,1,0,0,0,1,1,2,1,2,1,2,1,1,1,1,2,0,1,2,2,1,0,0,0,1,1,2,2,0,2,1,0,0,2,0,1,2,2,1,2,1,1,0,1,1,1,0,0,1,1,1,0,2,1,1,2,0,0,0,1,0
AIBREED_G095,2,2,1,1,2,2,2,0,1,0,0,1,0,0,0,1,2,1,1,0,1,1,1,0,2,2,1,2,2,1,1,1,0,1,1,0,1,1,1,2,2,0,1,0,1,1,2,0,1,2,1,1,0,0,1,0,0,2,0,0,1,2,1,1,2,1,1,0,1,1,1,0
AIBREED_G096,1,1,0,1,1,1,1,2,0,0,1,2,0,1,1,0,0,1,2,2,0,1,2,1,2,1,1,1,2,1,1,0,2,0,1,2,0,2,0,1,1,1,1,1,1,0,0,2,1,0,1,0,1,1,2,1,1,0,2,2,0,2,1,2,1,0,2,2,1,1,1,1
AIBREED_G097,1,0,0,1,1,1,1,1,0,1,1,0,1,1,0,0,0,1,1,1,0,1,2,0,1,0,0,1,2,1,0,1,1,0,1,0,0,2,0,0,1,1,0,0,0,1,2,0,1,1,1,2,0,2,2,0,1,1,1,2,1,0,1,0,1,2,0,2,1,1,1,1
AIBREED_G098,2,1,1,1,1,0,2,0,1,2,2,2,2,1,0,1,1,1,2,0,0,2,1,0,1,1,2,2,2,1,2,1,0,1,2,2,0,2,0,0,1,0,1,1,1,0,2,1,2,2,1,1,1,0,2,0,1,0,1,1,1,1,0,1,1,0,1,1,0,1,1,0
AIBREED_G099,0,1,0,0,1,1,1,1,1,1,2,0,1,1,0,1,1,1,1,1,0,1,0,1,1,1,0,0,1,1,1,0,0,1,1,1,1,1,2,0,1,2,0,0,1,0,1,0,2,2,2,1,0,1,2,1,0,1,0,1,0,2,2,2,2,1,2,2,0,0,1,0
AIBREED_G100,2,2,1,1,2,0,0,1,1,1,1,0,1,0,1,2,2,2,0,1,0,1,0,0,0,2,1,1,2,1,2,0,0,0,2,2,0,2,0,0,1,1,1,1,2,0,0,2,1,2,1,0,0,0,2,0,0,1,1,2,0,1,0,1,0,0,0,1,2,0,0,2
AIBREED_G101,0,0,0,1,2,0,1,1,0,0,0,1,0,0,0,2,1,0,1,1,1,1,1,0,2,2,1,2,1,1,2,1,1,1,0,2,0,0,1,0,1,0,0,1,2,0,1,2,1,1,1,1,1,2,1,1,1,2,0,2,1,2,0,2,1,1,1,1,2,1,2,0
AIBREED_G102,0,2,1,1,0,1,2,1,0,1,0,1,2,0,0,2,0,0,2,1,1,2,1,1,0,2,1,2,1,1,2,0,2,0,1,2,0,2,2,0,2,1,1,1,1,0,1,1,1,1,1,2,0,0,2,1,1,0,1,1,0,1,1,1,0,2,2,0,1,0,1,1
AIBREED_G103,1,1,1,1,1,1,1,2,0,0,1,1,0,0,0,2,1,1,1,0,0,1,1,0,0,1,1,2,1,2,1,1,2,0,0,2,2,2,0,0,2,1,0,0,1,0,1,0,1,2,2,2,1,0,2,2,1,0,2,1,0,2,2,1,1,2,1,2,0,0,1,0
AIBREED_G104,0,0,1,0,1,2,1,1,1,1,0,2,0,1,1,2,1,2,1,0,0,1,0,1,0,2,2,2,1,1,1,1,0,1,2,1,0,1,1,0,2,1,1,2,1,0,2,1,2,1,2,1,0,1,2,1,1,1,1,0,1,2,1,1,0,0,2,2,1,0,1,0
AIBREED_G105,2,0,0,1,1,2,1,1,1,0,2,1,0,0,0,1,1,1,1,2,2,0,0,0,1,2,1,0,2,1,1,0,1,2,0,0,0,2,0,0,1,2,1,0,1,0,1,0,1,2,2,2,0,0,1,1,0,0,0,1,1,2,1,1,0,1,1,0,1,1,0,0
AIBREED_G106,0,1,1,0,1,0,1,2,2,0,1,0,1,0,1,1,1,2,2,1,1,2,2,0,0,2,2,2,2,2,0,0,0,0,2,1,0,2,1,1,0,1,1,0,1,1,1,1,1,2,2,1,0,0,2,0,1,0,1,1,1,1,0,0,1,1,0,0,2,0,1,1
AIBREED_G107,1,1,0,0,2,0,0,0,0,1,1,1,0,0,0,2,0,1,1,2,0,1,0,0,1,2,1,1,1,2,0,0,1,0,2,2,0,2,2,0,1,2,0,0,1,0,2,1,1,2,1,1,0,0,1,1,1,0,1,2,0,1,1,1,2,0,2,1,2,0,1,0
AIBREED_G108,0,1,0,1,1,1,1,1,1,1,1,1,0,0,0,2,1,1,1,1,0,2,1,1,1,2,1,0,2,1,2,1,2,1,1,2,0,0,0,0,2,1,2,0,2,0,1,2,0,1,1,2,0,0,0,1,2,0,1,2,0,2,0,1,0,0,2,2,1,1,0,0
AIBREED_G109,0,0,1,0,2,0,1,1,1,2,1,1,1,1,1,1,1,2,1,0,0,1,1,1,0,2,1,2,1,2,2,1,0,1,2,2,0,1,1,1,1,1,1,0,1,1,1,0,1,2,1,1,0,0,0,1,1,0,1,1,0,2,1,2,0,0,1,2,0,0,1,1
AIBREED_G110,1,1,0,0,1,1,2,2,0,0,1,2,1,0,0,0,2,2,0,1,2,2,1,1,0,2,0,0,1,0,1,0,1,2,1,1,0,1,1,0,2,1,2,2,0,1,2,2,2,2,2,2,1,1,2,1,1,0,0,1,0,1,2,2,2,1,1,2,0,0,1,0
AIBREED_G111,1,1,2,0,2,1,1,1,0,0,1,0,0,0,0,1,1,1,1,0,0,1,0,0,1,2,2,2,1,2,2,1,1,1,1,1,0,2,1,0,1,0,1,0,1,0,2,2,2,2,1,1,1,0,1,0,0,1,0,1,1,2,0,0,1,2,1,1,1,2,0,0
AIBREED_G112,2,2,0,1,1,1,1,2,0,1,0,1,1,1,0,2,1,1,0,0,0,2,2,2,1,1,1,0,2,2,1,0,2,1,1,0,0,1,1,0,1,2,1,2,1,0,1,0,0,1,2,0,0,1,1,0,0,1,2,2,0,2,0,1,2,1,0,0,0,1,0,0
AIBREED_G113,0,1,0,1,2,1,1,1,2,1,0,0,0,0,1,2,2,0,2,1,0,2,0,0,1,2,1,1,2,2,1,0,2,0,0,2,1,1,0,0,2,0,0,0,1,1,2,1,2,1,1,1,1,0,1,0,1,1,0,0,0,2,0,1,0,1,0,0,1,0,0,0
AIBREED_G114,1,2,1,0,2,0,1,2,1,0,0,0,1,1,1,1,2,1,1,0,0,1,1,0,0,1,2,2,2,1,2,0,1,2,1,1,1,2,2,0,1,1,2,1,2,0,0,1,2,2,1,2,0,0,2,0,0,2,1,2,1,2,1,0,1,1,2,1,1,1,1,0
AIBREED_G115,1,2,2,0,1,0,2,1,0,1,1,2,2,0,0,1,1,1,1,0,0,1,1,0,1,1,2,1,2,1,2,0,1,1,1,2,0,0,2,0,1,2,1,0,2,2,1,0,2,1,2,2,0,0,1,1,1,0,1,0,0,2,1,0,1,1,2,1,1,0,0,0
AIBREED_G116,0,0,0,0,1,2,2,1,1,0,1,1,1,1,0,1,2,0,0,1,0,1,0,1,2,1,0,1,1,2,2,0,1,0,0,1,0,1,0,1,2,2,2,0,2,0,2,0,0,1,2,2,0,1,1,1,1,0,0,0,0,1,1,2,1,0,1,1,0,0,1,1
AIBREED_G117,0,1,0,0,1,2,1,0,0,0,1,1,1,0,1,2,1,1,0,0,1,2,0,1,1,2,0,2,2,2,2,0,1,0,0,0,0,1,1,0,2,1,1,0,2,1,2,2,2,1,2,0,2,1,1,1,1,0,2,1,1,2,0,1,1,0,1,2,1,1,1,0
AIBREED_G118,1,1,0,0,1,0,1,2,0,0,0,0,0,1,2,2,0,1,1,1,0,2,0,1,2,2,1,1,0,2,1,1,0,2,1,2,0,2,0,0,2,1,2,0,1,0,2,2,2,0,2,2,1,1,2,0,0,0,0,1,1,1,0,1,2,1,2,1,1,1,0,1
AIBREED_G119,0,0,0,0,1,1,0,1,0,0,0,1,1,0,0,2,1,0,1,2,0,2,1,0,1,2,1,2,2,1,2,1,2,2,0,0,0,1,1,0,1,0,0,0,1,1,1,2,1,2,2,1,1,0,1,1,2,0,2,0,0,2,1,0,1,2,2,1,0,0,1,0
AIBREED_G120,1,2,1,1,2,1,2,1,1,1,2,1,1,0,1,2,2,1,1,0,2,1,1,0,1,2,2,1,1,2,1,0,2,1,1,1,1,0,1,0,1,1,1,0,2,1,1,1,2,2,1,0,1,0,2,1,1,0,0,2,1,2,0,2,0,1,1,1,1,0,0,0
AIBREED_G121,1,1,2,0,1,2,1,2,0,1,0,1,1,0,0,2,0,1,1,1,1,1,1,0,1,2,0,1,0,2,2,0,2,1,1,2,0,1,1,0,2,0,2,0,2,0,0,0,0,2,2,2,1,0,1,0,0,0,0,2,0,1,1,0,1,1,1,2,1,1,1,1
AIBREED_G122,1,0,2,0,2,0,1,2,0,0,0,1,2,1,0,2,2,1,2,1,1,2,2,0,1,2,2,1,1,2,2,1,1,1,2,2,1,2,0,1,1,2,2,0,1,0,1,1,1,1,1,1,0,1,0,0,1,1,1,2,0,1,0,1,0,0,1,2,0,2,1,1
AIBREED_G123,0,1,0,0,1,0,2,1,1,1,0,1,1,0,0,1,2,1,2,2,1,2,2,1,1,1,2,1,0,1,2,0,1,1,1,1,0,1,0,1,1,1,1,0,1,1,2,2,1,1,0,0,0,0,1,0,1,0,2,1,0,1,1,0,1,0,1,2,1,0,0,2
AIBREED_G124,0,2,1,0,2,1,1,1,1,1,0,1,1,0,0,1,1,2,1,1,1,1,0,0,0,1,2,2,2,1,0,0,1,1,0,2,2,2,0,0,1,1,1,0,1,1,2,0,1,1,1,0,0,0,2,1,1,0,1,1,0,1,1,2,0,2,1,1,1,0,1,1
AIBREED_G125,0,2,1,1,1,0,1,2,2,1,1,1,0,0,0,0,0,1,2,2,1,2,1,0,1,1,1,1,2,2,1,0,1,1,1,2,1,1,2,0,2,1,2,1,1,2,1,1,2,2,1,2,0,1,1,0,1,1,2,1,1,1,1,1,0,0,0,2,2,2,0,0
AIBREED_G126,0,1,1,0,2,0,1,1,1,1,1,2,1,0,1,1,1,2,1,1,0,1,0,0,1,1,1,2,1,2,2,0,0,0,1,1,0,1,1,0,2,0,1,1,0,0,2,0,1,2,2,1,2,2,1,1,1,0,2,0,0,2,0,0,2,2,1,0,1,0,1,0
AIBREED_G127,1,2,1,0,2,1,1,2,1,1,1,1,1,2,1,1,1,1,2,0,0,2,1,0,1,0,2,0,2,2,2,0,1,1,2,1,1,1,1,1,1,2,2,0,2,0,1,1,0,2,2,1,0,2,1,0,2,1,1,2,1,0,0,0,0,1,1,2,2,1,0,1
AIBREED_G128,1,0,0,1,1,1,1,1,0,1,0,1,0,1,0,0,0,2,0,0,1,1,0,0,0,2,2,2,1,1,0,1,0,0,2,1,0,2,0,1,0,2,2,0,1,0,1,0,1,2,1,2,0,1,0,1,0,0,2,0,0,1,1,0,2,0,1,2,0,1,1,1
AIBREED_G129,1,1,1,0,2,1,0,2,1,0,0,1,0,0,1,0,1,0,2,0,1,1,0,0,2,2,1,1,1,2,1,1,2,0,2,1,1,2,1,1,2,1,2,0,1,0,1,2,1,2,1,1,1,0,0,0,0,1,2,1,0,2,2,0,0,0,2,1,2,1,0,0
AIBREED_G130,1,1,1,1,1,1,0,2,1,1,0,2,1,2,1,0,2,1,1,1,1,1,1,0,2,1,2,2,1,0,2,1,1,1,1,1,0,2,1,1,2,1,2,1,0,0,1,1,1,1,0,1,2,0,1,0,0,0,1,1,1,1,1,2,1,1,0,2,0,0,1,0
AIBREED_G131,0,2,1,0,2,0,1,1,0,1,0,1,1,2,0,1,0,1,1,1,0,0,0,0,1,1,1,2,1,1,0,0,0,0,1,1,0,2,0,1,1,1,1,0,2,0,1,1,1,2,0,2,0,0,2,0,1,1,1,2,1,2,1,2,2,1,1,1,0,1,0,2
AIBREED_G132,0,1,1,0,0,1,2,1,0,1,1,0,0,2,0,1,1,2,2,1,0,2,1,0,2,1,2,1,1,2,1,1,1,0,1,1,0,1,2,1,0,1,1,1,1,0,2,2,1,1,2,2,1,0,0,0,2,1,1,1,0,2,1,1,1,1,1,1,1,0,0,1
AIBREED_G133,1,2,1,2,2,0,1,1,1,0,0,2,1,0,0,0,1,1,0,1,0,1,1,0,1,1,1,1,1,2,0,1,2,1,1,1,0,2,0,0,2,1,0,0,2,0,1,1,1,1,0,1,0,1,1,1,0,0,2,1,0,1,1,0,1,1,0,2,1,1,0,0
AIBREED_G134,0,1,0,0,2,1,2,0,1,1,1,2,0,1,1,2,1,2,1,1,1,1,1,0,2,0,0,2,1,2,2,0,1,1,1,1,0,1,1,0,1,2,1,0,0,2,2,2,2,1,2,1,0,0,0,1,1,0,1,2,0,2,0,0,1,0,1,2,0,0,0,0
AIBREED_G135,0,2,0,0,1,0,2,0,0,1,0,2,1,0,0,0,2,1,1,0,1,0,1,0,2,1,1,2,2,1,1,0,2,1,0,0,1,1,0,0,0,1,0,0,1,0,1,0,1,2,0,2,0,2,1,1,0,1,1,1,0,2,1,1,0,1,2,1,1,0,0,0
AIBREED_G136,0,2,0,0,1,1,2,1,0,0,0,2,1,2,0,2,1,1,2,1,1,2,1,0,2,2,1,2,2,2,1,0,0,2,2,1,0,2,0,0,1,1,2,1,1,0,1,1,2,1,1,1,0,1,1,0,1,0,0,2,1,2,1,1,1,1,1,2,2,1,1,0
AIBREED_G137,0,1,0,0,2,1,2,0,0,0,1,2,0,1,2,1,1,2,0,1,0,1,1,1,1,1,2,2,1,1,1,0,1,0,1,2,1,1,1,1,1,1,0,0,2,0,2,1,2,2,1,0,0,0,1,1,2,0,0,0,0,1,1,2,0,1,1,1,1,0,0,0
AIBREED_G138,0,1,1,0,2,0,1,2,0,0,1,2,1,0,1,2,1,1,1,2,1,2,1,0,1,2,2,2,1,0,2,0,2,1,1,0,0,2,1,0,0,0,1,1,2,0,1,0,2,2,1,1,1,0,2,0,0,0,1,1,0,2,1,1,2,1,1,1,2,0,0,1
AIBREED_G139,0,1,0,0,1,1,2,1,1,0,0,0,0,2,0,1,0,1,0,1,0,1,1,1,1,1,1,1,2,0,1,0,0,0,0,2,1,2,1,1,2,1,1,0,1,0,2,0,1,1,2,2,0,1,1,0,0,0,0,0,2,2,1,1,0,1,1,1,2,0,1,0
AIBREED_G140,1,1,0,0,1,0,1,0,0,0,2,1,1,2,0,2,2,1,2,0,0,1,0,1,2,1,1,0,2,0,2,0,0,0,0,0,1,0,1,0,2,1,1,1,1,0,2,1,1,1,0,2,0,0,1,1,2,0,1,2,0,2,0,1,1,1,2,1,1,2,0,1
