genotype,observed_yield_t_ha,predicted_yield_t_ha,predicted_disease_score_1_9,predicted_days_to_maturity,predicted_vigor_score_1_9,ai_selection_index
AIBREED_G062,25.941,26.266,2.512,81.103,8.482,0.8367
AIBREED_G003,27.696,27.103,1.648,86.336,7.805,0.8287
AIBREED_G017,26.076,25.777,3.049,82.613,8.651,0.7519
AIBREED_G038,25.876,25.533,1.972,84.295,8.278,0.7483
AIBREED_G008,25.805,26.218,2.558,81.736,7.494,0.7413
AIBREED_G073,26.154,26.328,2.784,84.35,7.879,0.7263
AIBREED_G021,26.486,25.988,2.331,83.126,7.555,0.7214
AIBREED_G065,25.865,25.778,2.941,84.952,8.404,0.704
AIBREED_G051,25.397,25.354,2.608,83.335,8.163,0.6969
AIBREED_G088,25.905,25.502,2.686,83.052,7.921,0.6887
AIBREED_G091,26.433,26.403,3.156,84.231,7.39,0.6705
AIBREED_G007,26.017,26.05,2.417,84.607,7.122,0.6638
AIBREED_G058,25.066,25.312,2.741,83.256,7.838,0.6599
AIBREED_G111,25.867,25.59,2.081,84.067,7.104,0.6554
AIBREED_G055,25.939,25.728,3.311,82.398,7.64,0.6531
AIBREED_G120,25.075,24.896,2.041,82.538,7.394,0.648
AIBREED_G054,24.538,24.314,3.0,79.488,8.018,0.6331
AIBREED_G126,24.375,24.618,2.549,83.814,7.978,0.6189
AIBREED_G118,24.72,25.406,3.345,84.538,7.802,0.6051
AIBREED_G121,26.414,25.945,3.788,80.778,6.804,0.5969
AIBREED_G034,25.482,25.043,3.057,84.778,7.82,0.5925
AIBREED_G113,24.875,25.166,2.868,84.171,7.254,0.5791
AIBREED_G025,25.331,25.075,2.415,82.1,6.549,0.5769
AIBREED_G127,23.721,23.63,2.683,83.102,8.373,0.572
AIBREED_G138,25.114,25.053,2.253,82.572,6.464,0.5719
AIBREED_G029,24.494,24.499,2.673,82.737,7.4,0.5712
AIBREED_G075,25.209,25.037,2.608,83.977,7.016,0.5698
AIBREED_G103,25.134,24.836,3.296,81.015,7.205,0.5678
AIBREED_G056,25.307,25.452,3.188,85.264,7.264,0.5655
AIBREED_G042,25.932,25.376,3.123,86.406,7.467,0.5625
AIBREED_G036,25.342,24.718,2.506,85.879,7.523,0.5623
AIBREED_G115,24.897,24.833,2.686,83.106,6.939,0.5551
AIBREED_G071,25.817,25.596,3.746,86.287,7.63,0.5539
AIBREED_G023,24.383,24.819,3.249,82.571,7.297,0.5533
AIBREED_G131,24.459,24.794,2.687,82.409,6.783,0.55
AIBREED_G114,23.731,24.282,3.005,80.396,7.115,0.5442
AIBREED_G022,26.008,25.966,3.138,86.796,6.712,0.5432
AIBREED_G030,24.023,23.988,2.089,84.609,7.435,0.5429
AIBREED_G109,25.038,25.156,3.097,83.895,6.946,0.5427
AIBREED_G040,24.702,24.6,3.429,82.902,7.592,0.5421
AIBREED_G002,25.173,25.017,3.429,83.646,7.281,0.5399
AIBREED_G130,24.828,24.717,3.39,81.39,7.078,0.536
AIBREED_G005,25.351,25.298,3.449,87.295,7.609,0.5323
AIBREED_G019,25.196,24.786,3.034,83.714,7.082,0.5303
AIBREED_G135,23.962,23.815,3.331,81.866,7.919,0.5265
AIBREED_G009,26.93,26.067,4.165,89.392,7.73,0.5253
AIBREED_G018,23.897,24.458,2.749,84.714,7.3,0.5249
AIBREED_G122,25.121,24.883,3.464,83.667,7.195,0.5195
AIBREED_G129,25.137,24.49,3.681,82.812,7.585,0.5172
AIBREED_G104,24.869,24.716,3.351,83.275,7.144,0.5153
AIBREED_G092,24.397,24.329,4.194,81.973,7.973,0.5138
AIBREED_G100,24.781,24.671,2.533,85.768,6.944,0.5121
AIBREED_G078,25.672,24.68,2.947,85.89,7.241,0.5073
AIBREED_G048,22.765,22.998,2.669,81.696,7.912,0.5061
AIBREED_G045,24.917,24.717,4.176,84.415,7.868,0.5012
AIBREED_G039,25.558,25.444,4.453,85.005,7.468,0.5011
AIBREED_G041,25.501,25.259,4.171,86.232,7.626,0.4987
AIBREED_G069,24.709,25.246,2.967,89.379,7.234,0.4985
AIBREED_G050,24.392,24.347,3.259,84.47,7.452,0.4979
AIBREED_G015,24.912,24.453,2.61,84.108,6.685,0.4938
AIBREED_G006,24.599,24.041,3.409,83.94,7.686,0.4897
AIBREED_G074,22.502,23.573,3.174,81.901,7.553,0.4876
AIBREED_G013,22.597,22.947,3.011,80.703,7.821,0.487
AIBREED_G076,23.969,23.944,3.995,83.694,8.178,0.486
AIBREED_G133,23.536,23.302,2.609,81.811,7.314,0.4853
AIBREED_G125,23.275,23.601,3.485,82.075,7.671,0.476
AIBREED_G136,24.374,23.918,3.726,83.774,7.851,0.4745
AIBREED_G077,24.619,24.279,2.733,86.155,7.09,0.4729
AIBREED_G032,23.067,23.285,2.734,80.596,7.025,0.4709
AIBREED_G124,23.789,24.008,2.649,83.74,6.785,0.4685
AIBREED_G043,23.82,23.706,3.13,83.016,7.332,0.4667
AIBREED_G037,24.384,23.598,3.066,82.409,7.241,0.4641
AIBREED_G095,24.369,24.112,2.984,83.873,6.892,0.4614
AIBREED_G084,24.589,23.976,3.359,82.515,7.011,0.4555
AIBREED_G061,22.587,23.514,3.24,83.918,7.646,0.4553
AIBREED_G089,23.54,23.611,3.099,83.976,7.345,0.4476
AIBREED_G044,24.11,23.829,3.572,84.143,7.532,0.4463
AIBREED_G068,23.227,24.066,3.534,84.149,7.225,0.4435
AIBREED_G137,22.841,23.194,1.746,86.055,6.976,0.4424
AIBREED_G035,23.618,23.541,3.264,82.103,7.07,0.4374
AIBREED_G028,23.31,23.817,2.519,85.823,6.824,0.4332
AIBREED_G106,24.733,24.204,3.493,84.398,6.919,0.4293
AIBREED_G132,24.962,24.346,3.457,86.637,7.152,0.4279
AIBREED_G027,24.08,23.939,3.668,85.021,7.435,0.4278
AIBREED_G064,24.134,24.053,3.781,83.224,7.043,0.4256
AIBREED_G108,23.639,24.057,3.029,84.664,6.679,0.4249
AIBREED_G014,24.239,23.761,2.519,83.749,6.375,0.4243
AIBREED_G020,22.469,22.59,3.555,79.887,7.697,0.4243
AIBREED_G086,23.675,24.238,2.695,86.761,6.532,0.4182
AIBREED_G096,23.048,23.286,3.534,82.676,7.395,0.4159
AIBREED_G097,23.263,23.49,3.772,82.5,7.294,0.4114
AIBREED_G024,24.292,24.309,3.856,84.865,6.925,0.4071
AIBREED_G026,23.478,23.578,3.61,83.885,7.229,0.4031
AIBREED_G072,22.829,22.655,2.35,83.191,6.99,0.403
AIBREED_G049,23.494,23.365,3.199,82.072,6.716,0.3996
AIBREED_G090,22.847,22.585,2.229,81.861,6.637,0.3974
AIBREED_G070,21.963,22.564,2.809,82.446,7.213,0.3943
AIBREED_G098,23.981,24.341,3.296,86.412,6.535,0.3923
AIBREED_G052,22.28,22.305,2.996,82.466,7.609,0.3921
AIBREED_G067,23.813,23.733,3.142,83.811,6.528,0.3919
AIBREED_G110,23.951,23.601,3.345,84.161,6.838,0.3871
AIBREED_G085,23.508,23.96,3.724,87.023,7.236,0.3797
AIBREED_G101,23.302,23.057,2.705,83.796,6.662,0.3769
AIBREED_G105,24.023,23.981,3.947,82.069,6.421,0.3766
AIBREED_G112,21.566,22.165,3.061,81.103,7.336,0.3753
AIBREED_G102,24.583,24.707,4.663,85.762,6.944,0.3739
AIBREED_G080,24.329,24.434,3.701,85.358,6.287,0.3692
AIBREED_G031,23.608,23.863,4.177,85.196,7.172,0.3643
AIBREED_G066,23.289,23.043,2.935,86.501,7.2,0.3625
AIBREED_G057,22.201,22.75,3.153,85.52,7.484,0.3617
AIBREED_G046,22.661,22.924,2.731,85.983,7.028,0.3604
AIBREED_G081,22.097,22.647,2.872,83.943,6.962,0.3541
AIBREED_G134,23.028,22.755,3.144,86.398,7.534,0.3534
AIBREED_G119,23.116,23.354,2.677,85.61,6.381,0.3529
AIBREED_G117,23.035,23.071,3.217,87.296,7.427,0.3521
AIBREED_G139,23.08,23.065,3.623,82.348,6.797,0.3493
AIBREED_G004,22.865,22.819,4.122,83.103,7.581,0.3473
AIBREED_G087,22.323,22.422,2.996,84.576,7.329,0.3473
AIBREED_G053,22.76,23.135,3.67,84.036,6.899,0.3345
AIBREED_G083,23.312,23.848,3.911,85.094,6.57,0.3342
AIBREED_G012,21.433,22.314,3.66,83.067,7.411,0.3239
AIBREED_G128,22.824,23.47,3.894,84.227,6.634,0.3228
AIBREED_G016,23.033,22.826,3.524,84.646,6.933,0.3125
AIBREED_G033,23.494,23.564,3.569,84.667,6.159,0.3075
AIBREED_G001,23.425,23.601,4.032,84.118,6.364,0.3044
AIBREED_G140,23.125,23.243,3.245,86.854,6.581,0.3034
AIBREED_G094,22.436,22.56,2.87,86.365,6.778,0.2958
AIBREED_G116,22.799,22.945,4.063,82.593,6.549,0.2868
AIBREED_G063,23.022,23.016,3.36,84.6,6.207,0.2816
AIBREED_G099,23.267,22.759,4.372,82.718,6.899,0.2773
AIBREED_G079,22.624,22.545,3.696,85.875,7.109,0.2737
AIBREED_G082,22.923,22.827,4.636,82.856,6.91,0.2641
AIBREED_G123,21.715,22.405,3.153,86.833,6.634,0.2459
AIBREED_G011,22.28,22.106,3.861,81.297,6.424,0.2417
AIBREED_G059,22.385,22.646,3.997,85.854,6.829,0.2399
AIBREED_G093,23.126,22.945,3.486,86.837,6.146,0.2286
AIBREED_G107,21.688,22.008,3.487,85.57,6.642,0.2113
AIBREED_G010,22.946,22.775,4.074,85.546,6.296,0.2074
AIBREED_G060,22.326,22.086,3.44,84.758,6.236,0.2006
AIBREED_G047,21.328,21.569,4.08,87.75,6.618,0.1012
